,Month,ZipCode,ZipName,Nielsen_HH_Rank,Hotness_Rank_County,Hotness_Rank_MoM,Hotness_Rank_YoY,Hotness_Score,Supply_Score,Demand_Score
4046,201904,97005,"Beaverton, OR",3970,6.0,175.0,-1289.0,73.12583000000001,84.9117479597647,61.339912696906396
4681,201904,97007,"Beaverton, OR",1041,8.0,-633.0,-1763.0,68.406402,92.895552603277,43.91725185044599
6548,201904,97006,"Beaverton, OR",1238,2.0,-850.0,-599.0,82.384387,97.30499145948,67.4637818687923
13574,201904,97008,"Beaverton, OR",2955,1.0,372.0,-1080.0,84.94338,94.3632567849687,75.5235022458404
